{
  "IsEncrypted": false,
  "Values": {
    "AzureWebJobsStorage": "UseDevelopmentStorage=true",
    "FUNCTIONS_WORKER_RUNTIME": "python",
    "LOG_ANALYTICS_WORKSPACE_ID": "<your-workspace-id>",
    "STORAGE_ACCOUNT_URL": "https://<your-storage-account>.blob.core.windows.net",
    "STORAGE_CONTAINER_DATASETS": "datasets",
    "STORAGE_CONTAINER_LOCKS": "locks",
    "DEFAULT_REFRESH_INTERVAL_SECONDS": "300",
    "DEFAULT_QUERY_TIME_WINDOW_HOURS": "24",
    "INCREMENTAL_OVERLAP_MINUTES": "10"
  }
}
